<?xml version="1.0"?>
<!--
    Licensed to the Apache Software Foundation (ASF) under one or more
    contributor license agreements.  See the NOTICE file distributed with
    this work for additional information regarding copyright ownership.
    The ASF licenses this file to You under the Apache License, Version 2.0
    (the "License"); you may not use this file except in compliance with
    the License.  You may obtain a copy of the License at

         http://www.apache.org/licenses/LICENSE-2.0

    Unless required by applicable law or agreed to in writing, software
    distributed under the License is distributed on an "AS IS" BASIS,
    WITHOUT WARRANTIES OR CONDITIONS OF ANY KIND, either express or implied.
    See the License for the specific language governing permissions and
    limitations under the License.
-->
<!-- TODO: turn this into a velocity template for all the version numbers -->
<document>
    <properties>
        <title>Web Servlet Containers</title>
        <author email="rgoers@apache.org">Ralph Goers</author>
    </properties>

    <body>
        <section name="Web Servlet Containers">

            <p>
              The Web module provides support for automatically enabling Log4j in Servlet containers.
            </p>
            <p>
              See the user manual page on <a href="../manual/webapp.html">Web Applications and JSPs</a>
              for details on using Log4j 2 in Web Applications.
            </p>
            <pre class="prettyprint linenums"><![CDATA[  <dependencyManagement>
    <dependencies>
      <dependency>
        <groupId></groupId>
        <artifactId></artifactId>
        <version></version>
      </dependency>
    </dependencies>
  </dependencyManagement>
  <dependencies>
    <dependency>
      <groupId></groupId>
      <artifactId></artifactId>
    </dependency>
  </dependencies>]]></pre>
        </section>

        <section name="Requirements">
           <p>
             The Web module requires at least Java 6 and Servlet 2.5.
          </p>
        </section>

    </body>
</document>